Número de configuración/corrida,Log
Corrida número 1,"Iniciando evolución con 100 generaciones y población de 100 individuos...
Probabilidad de Cruce: 0.7, Probabilidad de Mutación: 0.3
gen     nevals  avg     std     min     max
0       100     9.66    8.32493 0       34 
1       86      16.18   8.68606 0       37 
2       80      19.76   9.28991 0       40 
3       74      22.11   8.57659 0       38 
4       71      24.1    7.86066 5       38 
5       72      25.03   8.54102 5       38 
6       77      25.7    9.16024 3       39 
7       82      28.2    7.64068 8       39 
8       83      29.06   7.56151 8       41 
9       68      28.78   8.24691 1       41 
10      80      30.09   6.70685 5       41 
11      84      29.91   6.19693 9       41 
12      82      29.17   7.7821  1       39 
13      79      30.69   6.97093 0       41 
14      85      32.01   6.07371 14      41 
15      82      31.5    6.634   2       41 
16      84      32.22   6.03255 0       41 
17      79      31.79   6.1144  12      41 
18      73      31.48   6.27771 15      41 
19      87      31.2    6.82788 8       41 
20      78      30.6    6.87168 12      40 
21      87      31.58   7.31735 5       41 
22      86      31.95   7.29572 4       41 
23      83      31.5    7.50267 3       42 
24      79      32.53   6.56118 7       42 
25      81      32.73   6.04294 14      42 
26      81      31.86   6.13518 13      42 
27      75      31.24   6.52858 12      40 
28      81      31.52   6.88837 7       42 
29      80      31.23   7.04678 10      42 
30      77      31.7    7.00357 3       42 
31      73      31.05   9.00708 3       42 
32      78      32.36   6.77277 8       42 
33      82      32.34   5.53574 12      41 
34      81      30.7    7.59144 0       41 
35      73      32.09   7.25961 11      42 
36      84      31.78   8.4895  2       42 
37      76      33.51   7.78909 2       41 
38      86      34.02   6.64828 7       42 
39      86      33.57   7.55282 3       42 
40      79      34.79   5.47594 17      41 
41      68      35.28   5.77075 8       42 
42      78      34.48   7.75948 10      42 
43      86      34.78   7.02792 5       42 
44      83      34.93   6.44865 7       42 
45      86      34.85   5.84701 11      42 
46      71      35.03   5.71219 11      42 
47      78      34.53   6.28563 10      42 
48      74      34.15   6.8255  6       42 
49      81      34.99   5.75238 12      42 
50      79      34.77   5.73386 17      42 
51      70      33.52   6.92456 5       42 
52      71      34.14   6.05148 14      42 
53      77      34.99   6.58406 11      42 
54      77      34.53   7.29171 8       42 
55      68      34.13   7.30843 11      42 
56      71      34.65   7.70892 0       42 
57      79      33.14   8.2523  0       42 
58      89      33.99   7.84792 10      42 
59      84      34.14   7.6263  4       42 
60      76      34.82   7.30531 4       42 
61      71      36.66   6.16639 11      42 
62      86      36.51   5.75759 16      42 
63      76      34.05   7.98044 12      42 
64      84      35.09   6.61981 17      42 
65      81      35.87   5.30406 19      42 
66      79      35.96   5.97314 16      42 
67      81      35.86   5.62142 18      41 
68      76      35.79   5.49599 19      42 
69      73      35.06   6.20455 12      42 
70      88      34.79   6.4363  10      42 
71      81      34.45   7.01908 14      42 
72      81      34.21   8.0527  0       42 
73      81      34.72   7.2761  7       42 
74      75      35.23   7.15801 7       42 
75      80      35.35   6.22796 14      42 
76      68      34.67   6.00675 16      42 
77      82      34.83   6.24989 6       42 
78      78      35.42   5.5896  21      42 
79      79      34.5    6.26179 17      42 
80      79      33.74   7.83278 9       42 
81      80      35.53   7.0816  5       42 
82      81      36.39   6.55575 7       42 
83      79      35.76   6.04172 19      42 
84      69      35.23   6.06441 19      42 
85      80      35.16   6.91046 14      42 
86      72      35.61   7.44566 11      42 
87      69      36.87   6.51714 8       42 
88      86      36.05   6.51057 13      42 
89      76      35.18   6.04712 15      42 
90      87      34.49   6.22334 17      42 
91      75      34.54   6.38188 19      42 
92      81      34.81   6.70178 14      42 
93      78      35.01   6.16359 17      42 
94      86      35.16   6.73457 14      42 
95      81      35.02   7.78329 8       42 
96      71      35.57   7.3311  11      42 
97      73      36.16   6.13469 18      42 
98      82      36.28   6.99154 0       42 
99      76      36.2    6.66483 12      42 
100     76      35.4    7.06824 12      42 

 --- SUGERENCIA PILOTO CANDIDATO ---
--- Perfil de Piloto Ideal ---
A1 Experiencia: Joven Promesa
A2 EstiloConduccion: Agresivo Controlado
A3 VelocidadPura: Muy Buena
A4 ConsistenciaCarrera: Extremadamente Consistente
A5 FeedbackTecnico: Fuerte
A6 MentalidadEquipo: Totalmente Alineado con el Equipo
A7 EncajeMarca: Encaje Perfecto
A8 ExigenciaSalarial: Salario Medio
-----------------------------
Aptitud del perfil sugerido: 42.00
--- SUGERENCIA PILOTO CANDIDATO ---
--- Perfil de Piloto Ideal ---
A1 Experiencia: Joven Promesa
A2 EstiloConduccion: Técnico y Metódico
A3 VelocidadPura: Muy Buena
A4 ConsistenciaCarrera: Extremadamente Consistente
A5 FeedbackTecnico: Fuerte
A6 MentalidadEquipo: Totalmente Alineado con el Equipo
A7 EncajeMarca: Encaje Aceptable
A8 ExigenciaSalarial: Salario Medio
-----------------------------
Aptitud del perfil sugerido: 42.00
 --- SUGERENCIA PILOTO CANDIDATO ---
--- Perfil de Piloto Ideal ---
A1 Experiencia: Joven Promesa
A2 EstiloConduccion: Consistente y Calculador
A3 VelocidadPura: Muy Buena
A4 ConsistenciaCarrera: Extremadamente Consistente
A5 FeedbackTecnico: Fuerte
A6 MentalidadEquipo: Totalmente Alineado con el Equipo
A7 EncajeMarca: Encaje Perfecto
A8 ExigenciaSalarial: Salario Medio
-----------------------------
Aptitud del perfil sugerido: 41.00

Evolución completada."
Corrida número 2,"Iniciando evolución con 100 generaciones y población de 100 individuos...
Probabilidad de Cruce: 0.7, Probabilidad de Mutación: 0.3
gen     nevals  avg     std     min     max
0       100     8.94    8.16434 0       28 
1       89      14.17   8.41196 0       32 
2       80      18.43   8.87272 0       40 
3       81      21.21   8.30457 0       38 
4       76      24.24   7.40827 0       37 
5       74      27.33   6.79567 4       41 
6       79      30.75   5.37471 12      41 
7       75      32.32   3.82068 18      41 
8       80      32.12   5.59693 11      42 
9       82      33.63   4.77002 14      41 
10      78      34.62   4.96141 2       42 
11      69      34.75   5.65928 10      42 
12      85      36.71   5.88438 14      42 
13      78      38.12   5.52138 8       42 
14      83      38.48   5.91351 6       42 
15      81      39.47   3.86382 22      42 
16      81      39.41   4.99619 8       42 
17      83      39.2    5.26308 16      42 
18      83      40.05   4.25059 18      42 
19      84      39.85   5.29976 12      42 
20      76      40.12   5.15806 13      42 
21      83      40.25   4.65484 21      42 
22      87      39.5    6.257   10      42 
23      80      40.58   4.29926 21      42 
24      74      40.62   4.28668 20      42 
25      78      40.44   4.1625  23      42 
26      77      40.69   3.41378 25      42 
27      76      39.91   4.90733 20      42 
28      80      40.42   4.86041 11      42 
29      69      39.89   5.23812 14      42 
30      70      40.08   5.11406 14      42 
31      79      39.94   5.22077 19      42 
32      77      40.17   4.71605 15      42 
33      83      41.28   2.34981 26      42 
34      83      39.71   5.88778 6       42 
35      86      40.26   4.71088 16      42 
36      85      40.53   3.98611 19      42 
37      80      40.49   4.24381 21      42 
38      66      40.91   3.82124 15      42 
39      74      39.5    6.48151 7       42 
40      80      40.07   5.24644 18      42 
41      77      40.75   3.90992 16      42 
42      80      41.19   2.92471 27      42 
43      72      40.06   4.70493 21      42 
44      75      40.36   4.78439 17      42 
45      93      38.96   6.63916 11      42 
46      75      40.21   4.47726 19      42 
47      80      40.37   4.1368  21      42 
48      76      39.97   5.38415 10      42 
49      74      41.03   3.63718 17      42 
50      84      40.3    4.72758 21      42 
51      80      40.68   3.87267 21      42 
52      76      40.19   4.84292 21      42 
53      77      40.57   4.42325 20      42 
54      89      40.19   4.83052 13      42 
55      85      40.32   4.23292 21      42 
56      82      39.95   5.1466  14      42 
57      77      40.55   4.20327 22      42 
58      84      39.98   4.93352 19      42 
59      87      40.96   2.91177 27      42 
60      79      39.74   5.40485 15      42 
61      70      39.93   4.9442  19      42 
62      71      40.17   4.72029 23      42 
63      70      41.29   2.91306 22      42 
64      87      40.09   5.33497 15      42 
65      72      40.71   3.90204 21      42 
66      89      40.59   4.51242 17      42 
67      73      40.79   3.97818 19      42 
68      86      40.26   4.50693 21      42 
69      82      41.13   3.20205 21      42 
70      68      40.08   5.21283 15      42 
71      81      40.51   4.68721 14      42 
72      80      39.86   5.59468 17      42 
73      79      40.34   4.6588  23      42 
74      83      39.55   7.0956  7       42 
75      85      40.73   4.69437 10      42 
76      72      40.46   4.15312 22      42 
77      86      40.5    3.99625 22      42 
78      75      40.38   4.92093 14      42 
79      84      41.1    2.87576 24      42 
80      82      41.11   2.42031 29      42 
81      71      40.5    4.28135 21      42 
82      72      40.42   3.9804  25      42 
83      80      39.81   5.2606  19      42 
84      81      40.62   3.85689 23      42 
85      81      39.34   6.01036 13      42 
86      80      39.28   5.89759 13      42 
87      73      40.84   4.1297  15      42 
88      80      40.37   4.23239 21      42 
89      75      39.9    5.39722 18      42 
90      76      40.39   4.69658 21      42 
91      83      40.31   4.95721 20      42 
92      86      39.78   5.24324 21      42 
93      79      39.44   6.04205 15      42 
94      81      38.73   6.99551 11      42 
95      82      39.71   5.33347 14      42 
96      85      39.73   5.93608 8       42 
97      83      40.96   3.05588 23      42 
98      80      40.32   4.99576 20      42 
99      80      39.38   5.96956 18      42 
100     84      40.29   4.64391 20      42 

--- SUGERENCIA PILOTO CANDIDATO ---
--- Perfil de Piloto Ideal ---
A1 Experiencia: Joven Promesa
A2 EstiloConduccion: Técnico y Metódico
A3 VelocidadPura: Muy Buena
A4 ConsistenciaCarrera: Extremadamente Consistente
A5 FeedbackTecnico: Fuerte
A6 MentalidadEquipo: Totalmente Alineado con el Equipo
A7 EncajeMarca: Encaje Aceptable
A8 ExigenciaSalarial: Salario Medio
-----------------------------
Aptitud del perfil sugerido: 42.00

 --- SUGERENCIA PILOTO CANDIDATO ---
--- Perfil de Piloto Ideal ---
A1 Experiencia: Joven Promesa
A2 EstiloConduccion: Agresivo Controlado
A3 VelocidadPura: Muy Buena
A4 ConsistenciaCarrera: Extremadamente Consistente
A5 FeedbackTecnico: Fuerte
A6 MentalidadEquipo: Totalmente Alineado con el Equipo
A7 EncajeMarca: Encaje Perfecto
A8 ExigenciaSalarial: Salario Medio
-----------------------------
Aptitud del perfil sugerido: 42.00

 --- SUGERENCIA PILOTO CANDIDATO ---
--- Perfil de Piloto Ideal ---
A1 Experiencia: Joven Promesa
A2 EstiloConduccion: Agresivo Controlado
A3 VelocidadPura: Muy Buena
A4 ConsistenciaCarrera: Extremadamente Consistente
A5 FeedbackTecnico: Fuerte
A6 MentalidadEquipo: Totalmente Alineado con el Equipo
A7 EncajeMarca: Buen Encaje
A8 ExigenciaSalarial: Salario Medio
-----------------------------
Aptitud del perfil sugerido: 41.00

Evolución completada."
Corrida número 3,"Iniciando evolución con 100 generaciones y población de 500 individuos...
Probabilidad de Cruce: 0.7, Probabilidad de Mutación: 0.3
gen     nevals  avg     std     min     max
0       500     9.296   8.43732 0       40 
1       419     15.254  8.98318 0       43 
2       411     18.546  9.23449 0       43 
3       404     20.302  9.30499 0       40 
4       415     22.154  9.0866  0       42 
5       404     23.864  9.20812 0       43 
6       401     25.35   8.834   0       42 
7       396     26.17   8.60681 0       42 
8       404     27.752  8.14558 0       42 
9       406     28.106  8.65602 0       42 
10      403     28.984  8.16111 0       41 
11      398     29.374  7.7412  0       43 
12      394     29.476  7.70619 0       42 
13      415     30.224  6.93785 0       42 
14      397     30.328  7.06629 5       42 
15      393     30.642  6.86395 1       43 
16      400     30.596  7.21448 4       42 
17      392     30.94   7.22997 0       42 
18      393     31.238  6.76235 0       42 
19      405     31.75   6.26702 4       41 
20      411     30.886  7.47215 1       41 
21      390     31.588  7.06387 0       42 
22      407     31.932  6.92065 0       42 
23      399     31.886  6.96283 0       42 
24      375     32.52   6.62734 11      42 
25      388     32.264  7.11269 2       42 
26      392     32.002  7.06979 1       43 
27      373     32.456  6.52963 6       42 
28      392     33.018  6.68144 0       42 
29      406     33.012  6.54185 8       42 
30      405     33.18   6.47886 3       42 
31      397     33.21   6.66918 7       42 
32      391     33.296  6.42778 6       43 
33      393     32.944  6.68976 1       42 
34      420     32.82   6.68189 1       42 
35      383     32.406  7.3692  4       42 
36      382     33.042  6.5669  0       42 
37      406     33.036  6.66714 2       42 
38      395     33.19   6.38074 8       42 
39      389     33.004  6.59121 5       42 
40      402     32.098  7.64411 0       42 
41      406     32.326  7.62573 0       42 
42      400     33.298  6.88863 8       42 
43      397     33.386  7.06548 1       42 
44      408     33.41   6.78984 7       42 
45      390     33.652  6.96096 1       42 
46      404     33.106  7.24477 7       42 
47      395     33.934  6.51165 2       42 
48      393     33.944  6.57973 3       42 
49      373     34.29   6.52425 8       42 
50      388     34.212  7.03129 7       42 
51      387     34.43   7.03115 0       42 
52      398     34.502  6.62012 3       42 
53      403     33.956  6.70209 8       42 
54      387     33.554  7.04493 8       42 
55      405     33.756  6.99346 5       42 
56      385     33.958  6.82233 3       42 
57      414     33.556  7.18268 1       42 
58      398     34.462  6.51648 0       42 
59      405     33.904  7.06362 0       42 
60      399     34.22   6.75127 0       42 
61      393     34.074  6.96595 6       42 
62      396     34.068  6.83662 0       42 
63      401     33.854  6.97486 4       42 
64      396     34.114  7.00236 2       42 
65      407     34.262  6.63305 1       42 
66      404     34.176  6.91007 0       42 
67      387     33.728  7.32134 0       42 
68      408     34.536  6.61428 5       42 
69      393     34.262  6.88283 6       42 
70      403     34.482  6.59497 3       42 
71      411     33.886  7.84149 0       42 
72      396     34.424  7.07561 4       42 
73      399     34.672  6.4817  5       42 
74      397     33.73   7.59691 1       42 
75      383     34.08   7.25435 0       42 
76      376     34.172  6.46362 5       42 
77      389     34.226  6.20249 7       42 
78      394     33.48   7.21676 0       42 
79      406     33.842  7.23471 0       42 
80      392     34.198  7.02558 1       42 
81      410     34.196  7.26454 2       42 
82      378     35.164  6.1323  4       42 
83      411     34.946  6.80758 5       42 
84      393     35.124  6.53059 2       42 
85      416     34.802  7.0233  0       42 
86      406     34.58   7.08037 0       42 
87      391     34.382  7.24155 4       42 
88      391     34.376  7.19157 4       42 
89      398     34.226  7.14163 6       42 
90      394     34.468  7.27523 6       42 
91      402     33.9    7.3622  4       42 
92      403     34.176  7.23001 0       42 
93      374     34.742  6.71412 5       42 
94      408     34.936  6.43925 7       42 
95      390     34.644  7.36188 0       42 
96      407     34.384  7.31441 0       42 
97      406     34.36   6.95316 4       42 
98      395     33.9    7.63453 0       42 
99      392     34.118  7.17189 6       42 
100     381     34.334  7.36495 10      42 

 --- SUGERENCIA PILOTO CANDIDATO ---
--- Perfil de Piloto Ideal ---
A1 Experiencia: Veterano
A2 EstiloConduccion: Adaptable Camaleónico
A3 VelocidadPura: Muy Buena
A4 ConsistenciaCarrera: Muy Consistente
A5 FeedbackTecnico: Excepcional
A6 MentalidadEquipo: Totalmente Alineado con el Equipo
A7 EncajeMarca: Buen Encaje
A8 ExigenciaSalarial: Salario Muy Bajo
-----------------------------
Aptitud del perfil sugerido: 43.00

 --- SUGERENCIA PILOTO CANDIDATO ---
--- Perfil de Piloto Ideal ---
A1 Experiencia: Joven Promesa
A2 EstiloConduccion: Técnico y Metódico
A3 VelocidadPura: Muy Buena
A4 ConsistenciaCarrera: Extremadamente Consistente
A5 FeedbackTecnico: Fuerte
A6 MentalidadEquipo: Totalmente Alineado con el Equipo
A7 EncajeMarca: Encaje Aceptable
A8 ExigenciaSalarial: Salario Medio
-----------------------------
Aptitud del perfil sugerido: 42.00

 --- SUGERENCIA PILOTO CANDIDATO ---
--- Perfil de Piloto Ideal ---
A1 Experiencia: Joven Promesa
A2 EstiloConduccion: Agresivo Controlado
A3 VelocidadPura: Muy Buena
A4 ConsistenciaCarrera: Extremadamente Consistente
A5 FeedbackTecnico: Fuerte
A6 MentalidadEquipo: Totalmente Alineado con el Equipo
A7 EncajeMarca: Encaje Perfecto
A8 ExigenciaSalarial: Salario Medio
-----------------------------
Aptitud del perfil sugerido: 42.00

Evolución completada."
Corrida número 4,"Iniciando evolución con 100 generaciones y población de 500 individuos...
Probabilidad de Cruce: 0.7, Probabilidad de Mutación: 0.3
gen     nevals  avg     std     min     max
0       500     8.73    8.34824 0       39 
1       387     21.686  8.53085 0       39 
2       388     31.598  6.51831 0       42 
3       376     35.664  6.24813 0       42 
4       388     37.142  5.25641 4       42 
5       402     37.562  6.28603 9       43 
6       375     38.374  6.69672 5       43 
7       388     38.692  6.56971 10      43 
8       394     38.216  6.73716 9       43 
9       389     38.554  6.99193 12      43 
10      389     40.864  5.96972 0       43 
11      368     40.87   5.79181 6       43 
12      380     41.176  5.30933 6       43 
13      385     41.12   5.3816  6       43 
14      402     40.35   6.72573 6       43 
15      384     41.06   5.57175 9       43 
16      367     40.868  5.81641 6       43 
17      385     40.834  6.02615 6       43 
18      389     41.07   5.65518 7       43 
19      392     40.712  6.15866 6       43 
20      389     41.072  5.33618 6       43 
21      393     40.866  5.60536 6       43 
22      383     40.904  5.9969  9       43 
23      418     40.696  5.98962 5       43 
24      416     40.922  5.81239 1       43 
25      385     41.098  5.31756 10      43 
26      392     40.588  6.07703 6       43 
27      403     41.37   5.10109 9       43 
28      381     41.074  5.30439 9       43 
29      384     41.01   5.94289 0       43 
30      404     41.136  5.12147 18      43 
31      399     40.686  6.61418 4       43 
32      385     41.012  5.85661 9       43 
33      391     40.424  6.81001 0       43 
34      390     41.37   4.96317 2       43 
35      380     40.616  6.10873 5       43 
36      384     40.784  5.94957 6       43 
37      402     41.206  5.77058 1       43 
38      386     41.398  5.01992 9       43 
39      401     40.89   5.9818  0       43 
40      383     40.626  6.12912 6       43 
41      389     40.666  6.45124 2       43 
42      389     41.192  5.39139 9       43 
43      404     41.004  5.85935 2       43 
44      408     40.704  6.31414 0       43 
45      377     41.252  5.66326 6       43 
46      414     41.034  5.58111 2       43 
47      375     40.766  6.35415 0       43 
48      429     40.778  6.17711 6       43 
49      389     40.656  6.43659 2       43 
50      393     40.424  6.22898 10      43 
51      399     40.18   6.89141 6       43 
52      395     41.674  4.50951 9       43 
53      381     40.886  5.78489 6       43 
54      414     40.84   5.64468 11      43 
55      414     41.202  5.12535 9       43 
56      395     41.186  5.30617 6       43 
57      395     41.058  5.33504 12      43 
58      388     40.794  5.8292  8       43 
59      398     40.562  6.08228 9       43 
60      402     40.514  6.20434 6       43 
61      410     41.14   5.40448 8       43 
62      407     41.208  5.54082 3       43 
63      414     40.744  6.58502 0       43 
64      387     40.91   6.17527 1       43 
65      390     40.444  6.55491 1       43 
66      386     40.496  6.43723 8       43 
67      392     40.574  6.22547 6       43 
68      393     40.928  5.86437 6       43 
69      396     41.298  4.89543 11      43 
70      376     40.576  6.54799 8       43 
71      378     40.956  6.21563 0       43 
72      400     41.214  5.41112 6       43 
73      393     41.236  5.31868 9       43 
74      381     41.616  4.60484 11      43 
75      390     40.758  6.32325 0       43 
76      408     41.084  5.64951 0       43 
77      399     40.688  6.14481 0       43 
78      402     41.06   5.74355 6       43 
79      392     41.424  5.13773 6       43 
80      386     41.136  5.30787 11      43 
81      408     40.918  5.70397 4       43 
82      383     40.908  6.12238 5       43 
83      403     40.676  6.56285 0       43 
84      408     40.836  5.73804 8       43 
85      394     40.814  6.02855 0       43 
86      391     40.688  5.93824 10      43 
87      404     41.044  5.35892 10      43 
88      391     40.626  6.56095 0       43 
89      406     40.758  5.97691 8       43 
90      400     40.724  6.29983 0       43 
91      389     41.17   5.54447 1       43 
92      393     40.8    6.11163 0       43 
93      378     41.028  5.81302 2       43 
94      366     41.16   5.63013 4       43 
95      406     41.236  5.40965 0       43 
96      395     41.04   5.64184 4       43 
97      398     41.268  5.16722 5       43 
98      388     41.096  5.66664 6       43 
99      413     41.358  5.20325 6       43 
100     399     41.314  5.09975 4       43 

 --- SUGERENCIA PILOTO CANDIDATO ---
--- Perfil de Piloto Ideal ---
A1 Experiencia: Veterano
A2 EstiloConduccion: Adaptable Camaleónico
A3 VelocidadPura: Muy Buena
A4 ConsistenciaCarrera: Muy Consistente
A5 FeedbackTecnico: Excepcional
A6 MentalidadEquipo: Totalmente Alineado con el Equipo
A7 EncajeMarca: Buen Encaje
A8 ExigenciaSalarial: Salario Muy Bajo
-----------------------------
Aptitud del perfil sugerido: 43.00

 --- SUGERENCIA PILOTO CANDIDATO ---
--- Perfil de Piloto Ideal ---
A1 Experiencia: Veterano
A2 EstiloConduccion: Adaptable Camaleónico
A3 VelocidadPura: Muy Buena
A4 ConsistenciaCarrera: Muy Consistente
A5 FeedbackTecnico: Excepcional
A6 MentalidadEquipo: Jugador de Equipo Nato
A7 EncajeMarca: Buen Encaje
A8 ExigenciaSalarial: Salario Muy Bajo
-----------------------------
Aptitud del perfil sugerido: 42.00

 --- SUGERENCIA PILOTO CANDIDATO ---
--- Perfil de Piloto Ideal ---
A1 Experiencia: Veterano
A2 EstiloConduccion: Adaptable Camaleónico
A3 VelocidadPura: Muy Buena
A4 ConsistenciaCarrera: Muy Consistente
A5 FeedbackTecnico: Excepcional
A6 MentalidadEquipo: Totalmente Alineado con el Equipo
A7 EncajeMarca: Buen Encaje
A8 ExigenciaSalarial: Salario Bajo
-----------------------------
Aptitud del perfil sugerido: 42.00

Evolución completada."
Corrida número 5,"Iniciando evolución con 100 generaciones y población de 1000 individuos...
Probabilidad de Cruce: 0.7, Probabilidad de Mutación: 0.3
gen     nevals  avg     std     min     max
0       1000    9.493   8.17618 0       38 
1       774     15.048  8.19522 0       40 
2       782     18.185  9.02412 0       41 
3       784     20.972  9.29372 0       42 
4       774     23.399  9.20629 0       42 
5       763     25.282  8.99469 0       42 
6       778     26.721  8.56243 0       42 
7       789     27.827  8.25609 0       42 
8       785     28.747  7.74655 0       43 
9       803     29.707  7.39778 0       42 
10      811     30.253  7.05939 0       43 
11      763     30.562  6.78676 0       43 
12      771     30.338  7.2713  0       42 
13      787     30.79   6.99814 3       43 
14      795     30.726  6.83863 0       42 
15      750     30.984  6.75246 2       41 
16      811     30.935  6.81269 0       42 
17      800     30.72   7.15637 0       42 
18      797     30.996  7.11547 0       42 
19      836     31.044  7.27008 0       42 
20      768     31.258  7.05347 0       42 
21      812     31.518  6.83401 0       43 
22      801     31.804  6.4098  5       43 
23      781     31.513  6.91678 1       42 
24      812     31.477  7.00539 3       42 
25      794     31.864  6.80761 0       43 
26      811     31.763  6.99949 0       43 
27      786     32.2    7.14885 2       43 
28      794     32.327  7.00829 0       43 
29      815     32.349  6.80126 2       42 
30      775     32.423  6.49724 2       43 
31      767     32.37   6.31182 1       42 
32      804     32.654  6.48524 3       42 
33      786     32.765  6.43893 0       42 
34      773     32.747  6.47202 2       42 
35      799     32.193  6.96848 2       42 
36      760     32.333  7.00315 0       42 
37      809     32.455  7.12937 1       42 
38      780     32.513  6.98927 0       42 
39      799     32.197  7.3365  0       42 
40      809     32.414  7.31851 0       42 
41      799     32.728  6.94032 0       42 
42      790     32.836  7.13156 0       42 
43      778     32.776  7.141   0       42 
44      808     33.316  6.66319 8       42 
45      813     33.376  6.8925  1       42 
46      800     33.412  6.70927 6       42 
47      805     33.393  7.25359 1       42 
48      778     33.577  6.77038 2       42 
49      791     33.737  6.67127 0       43 
50      787     33.956  6.53483 7       43 
51      785     33.959  6.7162  4       43 
52      813     33.937  6.94903 4       42 
53      776     34.25   6.61661 4       42 
54      809     34.057  6.75187 3       42 
55      786     33.859  6.92222 0       42 
56      795     33.875  6.96128 0       42 
57      803     33.744  6.78118 7       42 
58      799     33.628  7.09279 1       42 
59      793     33.85   7.02278 0       42 
60      794     33.799  6.85322 2       42 
61      777     33.544  7.11534 3       42 
62      784     33.728  7.03392 1       42 
63      787     33.829  7.22522 0       42 
64      778     33.965  6.6825  4       42 
65      793     33.483  7.18956 0       42 
66      799     33.727  6.95489 3       42 
67      834     33.455  7.205   0       42 
68      772     33.662  7.00098 0       42 
69      822     33.761  6.96074 0       42 
70      792     33.445  7.3225  2       42 
71      810     33.424  7.22608 2       42 
72      788     33.576  7.12111 2       42 
73      798     33.582  7.39333 2       42 
74      823     33.787  7.01182 2       42 
75      787     33.975  6.79105 3       42 
76      783     33.918  6.81288 2       42 
77      793     33.701  7.39754 0       42 
78      792     34.179  7.03541 2       42 
79      794     34.015  7.12326 0       42 
80      806     34.084  6.98806 2       42 
81      769     33.854  7.22168 0       42 
82      765     33.975  7.2955  3       42 
83      789     34.481  6.80776 5       42 
84      803     34.125  7.15244 0       42 
85      795     34.448  6.86857 0       42 
86      775     34.259  7.24706 0       42 
87      795     34.311  6.89074 8       42 
88      813     33.951  7.69263 0       42 
89      788     34.513  6.99341 2       42 
90      789     35.017  6.64294 0       42 
91      772     34.959  6.73063 2       42 
92      785     35.235  6.56687 2       42 
93      777     35.369  6.62803 2       42 
94      795     35.176  6.80037 1       42 
95      793     35.134  6.65973 3       42 
96      787     35.194  6.59032 10      42 
97      761     35.13   6.83221 6       42 
98      799     34.676  7.1506  0       42 
99      810     34.302  7.35655 4       42 
100     784     34.098  7.42283 5       42 

 --- SUGERENCIA PILOTO CANDIDATO ---
--- Perfil de Piloto Ideal ---
A1 Experiencia: Veterano
A2 EstiloConduccion: Adaptable Camaleónico
A3 VelocidadPura: Muy Buena
A4 ConsistenciaCarrera: Muy Consistente
A5 FeedbackTecnico: Excepcional
A6 MentalidadEquipo: Totalmente Alineado con el Equipo
A7 EncajeMarca: Buen Encaje
A8 ExigenciaSalarial: Salario Muy Bajo
-----------------------------
Aptitud del perfil sugerido: 43.00

 --- SUGERENCIA PILOTO CANDIDATO ---
--- Perfil de Piloto Ideal ---
A1 Experiencia: Veterano
A2 EstiloConduccion: Adaptable Camaleónico
A3 VelocidadPura: Muy Buena
A4 ConsistenciaCarrera: Muy Consistente
A5 FeedbackTecnico: Excepcional
A6 MentalidadEquipo: Totalmente Alineado con el Equipo
A7 EncajeMarca: Buen Encaje
A8 ExigenciaSalarial: Salario Bajo
-----------------------------
Aptitud del perfil sugerido: 42.00

 --- SUGERENCIA PILOTO CANDIDATO ---
--- Perfil de Piloto Ideal ---
A1 Experiencia: Joven Promesa
A2 EstiloConduccion: Técnico y Metódico
A3 VelocidadPura: Muy Buena
A4 ConsistenciaCarrera: Extremadamente Consistente
A5 FeedbackTecnico: Fuerte
A6 MentalidadEquipo: Totalmente Alineado con el Equipo
A7 EncajeMarca: Encaje Aceptable
A8 ExigenciaSalarial: Salario Medio
-----------------------------
Aptitud del perfil sugerido: 42.00

Evolución completada."
Corrida número 6,"Iniciando evolución con 100 generaciones y población de 1000 individuos...
Probabilidad de Cruce: 0.7, Probabilidad de Mutación: 0.3
gen     nevals  avg     std     min     max
0       1000    9.635   8.50293 0       38 
1       780     25.114  7.66688 0       42 
2       791     34.007  5.97352 0       43 
3       792     37.169  5.80779 12      43 
4       808     37.82   6.94792 2       43 
5       779     40.412  6.33027 0       43 
6       789     41.113  5.52324 6       43 
7       778     41.242  5.38901 0       43 
8       766     40.837  5.90427 5       43 
9       790     40.723  6.09198 5       43 
10      767     41.143  5.51403 4       43 
11      806     40.884  6.1565  3       43 
12      775     40.975  5.66325 7       43 
13      792     40.967  5.92114 6       43 
14      789     40.754  5.87192 8       43 
15      784     41.059  5.5114  0       43 
16      819     40.971  5.84741 0       43 
17      776     40.728  6.57328 3       43 
18      772     41.016  5.79636 3       43 
19      767     40.771  5.9298  7       43 
20      792     41.009  5.93809 0       43 
21      794     40.853  6.25599 2       43 
22      804     40.916  6.08136 0       43 
23      809     40.901  5.84544 1       43 
24      785     40.737  6.20885 6       43 
25      758     41.088  5.78206 2       43 
26      779     41.131  5.60855 8       43 
27      794     40.886  6.03598 6       43 
28      779     41.146  5.64718 4       43 
29      819     40.817  5.99746 0       43 
30      787     40.766  6.23532 0       43 
31      812     40.962  5.67808 9       43 
32      778     40.793  6.31903 6       43 
33      819     40.486  6.38826 6       43 
34      796     41.027  5.80847 0       43 
35      776     41.191  5.14145 6       43 
36      772     41.037  5.59604 6       43 
37      800     41.188  5.55686 0       43 
38      793     41.086  5.65231 8       43 
39      772     40.885  5.91065 6       43 
40      785     40.602  6.22186 0       43 
41      815     40.846  6.20889 0       43 
42      814     40.837  5.87405 9       43 
43      802     41.037  5.71783 6       43 
44      769     41.082  5.69801 0       43 
45      784     41.207  5.26252 10      43 
46      791     41.365  5.11095 9       43 
47      796     40.998  5.71087 5       43 
48      795     40.526  6.64404 0       43 
49      791     41.016  5.73897 2       43 
50      819     40.831  6.18016 1       43 
51      780     40.943  5.64462 4       43 
52      780     40.77   6.24509 1       43 
53      790     41.037  5.61014 5       43 
54      811     40.766  5.92396 6       43 
55      781     40.819  6.18274 0       43 
56      796     41.174  5.37492 6       43 
57      801     40.989  5.66117 0       43 
58      784     41.133  5.47077 6       43 
59      816     41.286  5.08274 5       43 
60      794     41.163  5.50985 4       43 
61      801     40.978  5.9558  0       43 
62      803     41.149  5.55669 4       43 
63      768     41.03   5.69957 1       43 
64      788     40.935  5.69621 4       43 
65      772     41.104  5.61598 0       43 
66      797     40.96   5.93063 4       43 
67      764     40.893  6.2659  0       43 
68      790     41.217  5.45985 0       43 
69      796     41.344  5.13787 3       43 
70      788     40.746  6.17491 0       43 
71      779     40.687  6.19782 2       43 
72      820     41.001  5.52603 6       43 
73      792     40.713  6.20247 2       43 
74      796     40.833  6.01191 6       43 
75      809     40.876  6.03246 1       43 
76      774     40.922  5.90778 7       43 
77      801     41.273  5.23951 6       43 
78      809     40.807  6.1592  0       43 
79      770     40.894  6.21794 0       43 
80      779     40.762  6.36045 0       43 
81      822     40.904  5.98772 1       43 
82      763     40.717  6.35885 0       43 
83      784     41.072  5.65445 6       43 
84      791     41.281  5.07524 11      43 
85      804     40.872  5.87874 6       43 
86      807     40.894  6.02468 0       43 
87      822     40.893  5.83143 3       43 
88      800     40.966  6.02253 0       43 
89      775     41.142  5.62919 2       43 
90      812     40.707  6.16937 4       43 
91      804     40.917  5.66993 6       43 
92      781     41.071  5.747   6       43 
93      797     40.621  6.30201 0       43 
94      773     40.782  6.39097 1       43 
95      820     40.961  5.70907 6       43 
96      767     40.829  5.99498 4       43 
97      767     40.668  6.17865 0       43 
98      773     40.959  5.66157 9       43 
99      809     40.718  6.27539 1       43 
100     799     40.739  6.26362 0       43 

 --- SUGERENCIA PILOTO CANDIDATO ---
--- Perfil de Piloto Ideal ---
A1 Experiencia: Veterano
A2 EstiloConduccion: Adaptable Camaleónico
A3 VelocidadPura: Muy Buena
A4 ConsistenciaCarrera: Muy Consistente
A5 FeedbackTecnico: Excepcional
A6 MentalidadEquipo: Totalmente Alineado con el Equipo
A7 EncajeMarca: Buen Encaje
A8 ExigenciaSalarial: Salario Muy Bajo
-----------------------------
Aptitud del perfil sugerido: 43.00

 --- SUGERENCIA PILOTO CANDIDATO ---
--- Perfil de Piloto Ideal ---
A1 Experiencia: Veterano
A2 EstiloConduccion: Adaptable Camaleónico
A3 VelocidadPura: Muy Buena
A4 ConsistenciaCarrera: Muy Consistente
A5 FeedbackTecnico: Excepcional
A6 MentalidadEquipo: Totalmente Alineado con el Equipo
A7 EncajeMarca: Buen Encaje
A8 ExigenciaSalarial: Salario Bajo
-----------------------------
Aptitud del perfil sugerido: 42.00

 --- SUGERENCIA PILOTO CANDIDATO ---
--- Perfil de Piloto Ideal ---
A1 Experiencia: Joven Promesa
A2 EstiloConduccion: Agresivo Controlado
A3 VelocidadPura: Muy Buena
A4 ConsistenciaCarrera: Extremadamente Consistente
A5 FeedbackTecnico: Fuerte
A6 MentalidadEquipo: Totalmente Alineado con el Equipo
A7 EncajeMarca: Encaje Perfecto
A8 ExigenciaSalarial: Salario Medio
-----------------------------
Aptitud del perfil sugerido: 42.00

Evolución completada."
Corrida número 7,"Iniciando evolución con 100 generaciones y población de 1000 individuos...
Probabilidad de Cruce: 0.7, Probabilidad de Mutación: 0.3
gen     nevals  avg     std     min     max
0       1000    9.031   8.62299 0       42 
1       777     29.381  7.40188 0       42 
2       806     37.048  6.48195 3       43 
3       778     39.074  6.29703 1       43 
4       777     38.509  7.19346 6       43 
5       766     40.907  5.8662  0       43 
6       779     40.808  6.0436  3       43 
7       807     40.775  6.18162 0       43 
8       789     40.8    6.10262 2       43 
9       815     40.659  6.19635 9       43 
10      798     41.02   5.58942 2       43 
11      805     40.973  5.76925 9       43 
12      786     41.018  5.64036 0       43 
13      775     41.056  5.7013  6       43 
14      800     41.163  5.52688 2       43 
15      790     40.92   5.74226 6       43 
16      763     40.643  6.1382  5       43 
17      775     41.258  5.18107 0       43 
18      776     40.83   6.18976 0       43 
19      764     40.821  5.95642 6       43 
20      780     40.727  6.0298  6       43 
21      758     40.438  6.59501 0       43 
22      800     40.8    6.23217 0       43 
23      784     40.878  5.90145 4       43 
24      782     40.999  5.87665 6       43 
25      793     40.543  6.35627 0       43 
26      775     41.116  5.28153 3       43 
27      793     40.713  5.99922 0       43 
28      773     41.192  5.44932 0       43 
29      793     40.852  6.08901 0       43 
30      813     40.903  6.03983 2       43 
31      799     41.151  5.80381 0       43 
32      772     40.884  5.96444 0       43 
33      792     40.863  5.87914 6       43 
34      824     40.99   5.63932 6       43 
35      808     41.201  5.56261 2       43 
36      787     40.833  6.10894 5       43 
37      811     41.085  5.61158 2       43 
38      782     41.064  5.47667 5       43 
39      792     40.805  5.91498 0       43 
40      788     40.84   5.86962 6       43 
41      797     40.855  5.80844 0       43 
42      811     41.01   5.84704 5       43 
43      812     40.832  5.87859 3       43 
44      808     40.938  5.90357 0       43 
45      790     40.494  6.60606 1       43 
46      750     41.176  5.45078 6       43 
47      789     40.905  5.97528 0       43 
48      767     40.907  6.02879 0       43 
49      769     41.065  5.64347 6       43 
50      814     41.03   5.87989 0       43 
51      779     40.981  5.92424 6       43 
52      791     40.716  6.24943 0       43 
53      795     40.886  5.86933 8       43 
54      807     40.913  5.77403 4       43 
55      817     40.842  5.8497  6       43 
56      779     41.013  5.78419 0       43 
57      775     40.917  5.94072 1       43 
58      755     40.932  5.72795 10      43 
59      796     40.826  6.08471 0       43 
60      775     40.993  5.80938 2       43 
61      789     41.109  5.18894 11      43 
62      779     40.949  5.77308 6       43 
63      772     41.141  5.51753 6       43 
64      794     41.106  5.49407 0       43 
65      771     40.784  6.24479 0       43 
66      802     40.94   5.67683 5       43 
67      783     41.121  5.46208 0       43 
68      806     40.674  6.45846 0       43 
69      824     40.726  6.28354 0       43 
70      784     40.564  6.69641 5       43 
71      785     41.078  5.70368 0       43 
72      783     40.851  5.92763 6       43 
73      755     40.829  6.18351 6       43 
74      785     41.006  5.51833 6       43 
75      786     41.154  5.60199 0       43 
76      789     40.727  6.15455 0       43 
77      799     41.001  5.90821 6       43 
78      802     41.01   5.68541 0       43 
79      788     40.857  6.10463 1       43 
80      769     40.983  5.93622 0       43 
81      790     41.268  5.50728 0       43 
82      796     40.845  5.83395 3       43 
83      810     40.925  5.77004 0       43 
84      819     40.808  5.87649 0       43 
85      796     40.997  5.52802 4       43 
86      798     41.119  5.73436 0       43 
87      778     40.958  5.92218 5       43 
88      786     41.096  5.77813 5       43 
89      765     41.076  5.25568 6       43 
90      813     40.59   6.27885 3       43 
91      787     41.017  5.62607 8       43 
92      784     41.107  5.62686 5       43 
93      811     40.818  6.21183 0       43 
94      811     40.891  5.85928 5       43 
95      797     40.873  6.06571 4       43 
96      779     40.823  6.0944  1       43 
97      811     40.968  5.62628 0       43 
98      790     41.052  5.80632 2       43 
99      818     40.522  6.31122 0       43 
100     800     40.911  5.91583 6       43 

 --- SUGERENCIA PILOTO CANDIDATO ---
--- Perfil de Piloto Ideal ---
A1 Experiencia: Veterano
A2 EstiloConduccion: Adaptable Camaleónico
A3 VelocidadPura: Muy Buena
A4 ConsistenciaCarrera: Muy Consistente
A5 FeedbackTecnico: Excepcional
A6 MentalidadEquipo: Totalmente Alineado con el Equipo
A7 EncajeMarca: Buen Encaje
A8 ExigenciaSalarial: Salario Muy Bajo
-----------------------------
Aptitud del perfil sugerido: 43.00

 --- SUGERENCIA PILOTO CANDIDATO ---
--- Perfil de Piloto Ideal ---
A1 Experiencia: Veterano
A2 EstiloConduccion: Adaptable Camaleónico
A3 VelocidadPura: Muy Buena
A4 ConsistenciaCarrera: Muy Consistente
A5 FeedbackTecnico: Excepcional
A6 MentalidadEquipo: Jugador de Equipo Nato
A7 EncajeMarca: Buen Encaje
A8 ExigenciaSalarial: Salario Muy Bajo
-----------------------------
Aptitud del perfil sugerido: 42.00

 --- SUGERENCIA PILOTO CANDIDATO ---
--- Perfil de Piloto Ideal ---
A1 Experiencia: Establecido
A2 EstiloConduccion: Adaptable Camaleónico
A3 VelocidadPura: Excepcional
A4 ConsistenciaCarrera: Muy Consistente
A5 FeedbackTecnico: Excepcional
A6 MentalidadEquipo: Totalmente Alineado con el Equipo
A7 EncajeMarca: Encaje Perfecto
A8 ExigenciaSalarial: Salario Medio
-----------------------------
Aptitud del perfil sugerido: 42.00

Evolución completada."
